{"cir train_loss": 4.719892978668213, "cir train_acc": 0.0390625, "cir train_step": 7, "learning_rate": 1.6029712269858144e-06, "_timestamp": 1718021631.845481, "_runtime": 179.34489488601685, "_step": 6, "_wandb": {"runtime": 195}}