{"fitb test_loss": 0.6412854194641113, "fitb test_acc": 0.703125, "fitb test_step": 1, "_timestamp": 1718385298.6203852, "_runtime": 67.33013725280762, "_step": 0, "_wandb": {"runtime": 88}}