{"cir train_loss": 4.762833118438721, "cir train_acc": 0.015625, "cir train_step": 3, "learning_rate": 1.6011145281269592e-06, "_timestamp": 1718458112.8849092, "_runtime": 52.9959180355072, "_step": 2, "_wandb": {"runtime": 54}}