{"fitb train_loss": 0.6682029366493225, "fitb train_acc": 0.671875, "fitb train_step": 125, "learning_rate": 4.1810469297633585e-06, "_timestamp": 1718089609.8598511, "_runtime": 1569.4244351387024, "_step": 124, "_wandb": {"runtime": 1578}}