{"train_loss": 0.4982573091983795, "learning_rate": 1e-05, "_timestamp": 1703457227.6221492, "_runtime": 73.56697511672974, "_step": 77}