{"cir train_loss": 5.427185535430908, "cir train_acc": 0.015625, "cir train_step": 5, "learning_rate": 4.094868714750368e-07, "_timestamp": 1718021416.4649, "_runtime": 237.38993000984192, "_step": 4, "_wandb": {"runtime": 238}}