{"fitb train_loss": 2.078295946121216, "fitb train_acc": 0.3984375, "fitb train_step": 4, "learning_rate": 8.004851067099044e-07, "_timestamp": 1718568838.0805154, "_runtime": 244.85313534736633, "_step": 3, "_wandb": {"runtime": 256}}