{"cir train_loss": 0.0, "cir train_acc": 1.0, "cir train_step": 73, "learning_rate": 1.6000197436460338e-06, "_timestamp": 1718021973.664574, "_runtime": 72.43592095375061, "_step": 72, "_wandb": {"runtime": 72}}