{"cir train_loss": 5.449405193328857, "cir train_acc": 0.0078125, "cir train_step": 2, "learning_rate": 1.6003773294915978e-06, "_timestamp": 1718458211.2816956, "_runtime": 69.93571162223816, "_step": 1, "_wandb": {"runtime": 86}}