{"cir train_loss": 4.841822147369385, "cir train_acc": 0.0, "cir train_step": 96, "learning_rate": 3.7957927946429226e-06, "_timestamp": 1718454407.7968674, "_runtime": 1174.1008293628693, "_step": 95, "_wandb": {"runtime": 1176}}