{"fitb valid_loss": 1.3243317604064941, "fitb valid_acc": 0.453125, "fitb valid_step": 3, "_timestamp": 1718022895.263673, "_runtime": 124.24987506866455, "_step": 2, "_wandb": {"runtime": 129}}