{"train_loss": 0.5184311270713806, "learning_rate": 1e-05, "_timestamp": 1703457807.5987391, "_runtime": 35.01483416557312, "_step": 31}